k,seconds,best_y
3,145.33792560000438,-0.66015625
5,184.38062329999957,-0.736328125
10,194.05495759999758,-9.0703125
20,190.358109599998,-9.0703125
30,189.02020330000232,-9.0703125
