k,seconds,best_y
3,84.18582479999895,0.52734375
5,84.2845143999948,0.52734375
10,85.28844490000483,0.52734375
20,83.88621520000015,0.52734375
30,99.08354809999582,0.52734375
